{
    "data":[
        {"BANK":"BOMBAY MERCANTILE COOPERATIVE BANK LTD","IFSC":"BMCB0000054","MICR":"","BRANCH":"SRINAGAR","ADDRESS":"1ST FLOOR, BUDSHAH BUILDING, BUDSHAH CHOWK,SRINAGAR","CITY1":"SRINAGAR","CITY 2":"SRINAGAR","STATE":"JAMMU AND KASHMIR","STD CODE2":"194","PHONE":"2476220"},
        {"BANK":"BOMBAY MERCANTILE COOPERATIVE BANK LTD","IFSC":"BMCB0000053","MICR":"","BRANCH":"KOLKATTA","ADDRESS":"1 - B CIRCUS ROW, PARK CIRCUS,KOLKATA","CITY1":"KOLKATA","CITY 2":"KOLKATA","STATE":"WEST BENGAL","STD CODE2":"33","PHONE":"22805175"},
        {"BANK":"BOMBAY MERCANTILE COOPERATIVE BANK LTD","IFSC":"BMCB0000052","MICR":"","BRANCH":"BHOPAL","ADDRESS":"62, REHBAR APARTMENT, PEER GATE CHOWRAHA, PEER GATE, BHOPAL","CITY1":"BHOPAL","CITY 2":"BHOPAL","STATE":"MADHYA PRADESH","STD CODE2":"755","PHONE":"2533068"},
        {"BANK":"BOMBAY MERCANTILE COOPERATIVE BANK LTD","IFSC":"BMCB0000051","MICR":"","BRANCH":"PATNA","ADDRESS":"FIRST FLOOR, HAMDARD BUILDING,OPP. B.N. COLLEGE, ASHOK RAJPATH, PATNA","CITY1":"PATNA","CITY 2":"PATNA","STATE":"BIHAR","STD CODE2":"612","PHONE":"2677687"},
        {"BANK":"BOMBAY MERCANTILE COOPERATIVE BANK LTD","IFSC":"BMCB0000050","MICR":"","BRANCH":"VARANASI","ADDRESS":"D - 50 BY129 - 130 NAI SARAK,VARANASI","CITY1":"VARANASI","CITY 2":"VARANASI","STATE":"UTTAR PRADESH","STD CODE2":"542","PHONE":"2416527"},
        {"BANK":"BOMBAY MERCANTILE COOPERATIVE BANK LTD","IFSC":"BMCB0000049","MICR":"","BRANCH":"LUCKNOW","ADDRESS":"18, QAISER BAGH, LUCKNOW","CITY1":"LUCKNOW","CITY 2":"LUCKNOW","STATE":"UTTAR PRADESH","STD CODE2":"522","PHONE":"2610454"},
        {"BANK":"BOMBAY MERCANTILE COOPERATIVE BANK LTD","IFSC":"BMCB0000048","MICR":"","BRANCH":"MORADABAD","ADDRESS":"35, PRINCE ROAD, MORADABAD","CITY1":"MORADABAD","CITY 2":"MORADABAD","STATE":"UTTAR PRADESH","STD CODE2":"591","PHONE":"2492827"},
        {"BANK":"BOMBAY MERCANTILE COOPERATIVE BANK LTD","IFSC":"BMCB0000047","MICR":"","BRANCH":"ALIGARH","ADDRESS":"DODHPUR, ALIGARH","CITY1":"ALIGARH","CITY 2":"ALIGARH","STATE":"UTTAR PRADESH","STD CODE2":"571","PHONE":"2702335"},
        {"BANK":"BOMBAY MERCANTILE COOPERATIVE BANK LTD","IFSC":"BMCB0000046","MICR":"","BRANCH":"JAIPUR","ADDRESS":"H BY19, SUBHASH MARG, C- SCHEME, M.I. ROAD, JAIPUR","CITY1":"JAIPUR","CITY 2":"JAIPUR","STATE":"RAJASTHAN","STD CODE2":"141","PHONE":"2378115"},
        {"BANK":"BOMBAY MERCANTILE COOPERATIVE BANK LTD","IFSC":"BMCB0000045","MICR":"342069002","BRANCH":"JODHPUR","ADDRESS":"27, STADIUM SHOPPING CENTRE, OPPOSITE OLD STADIUM, JODHPUR","CITY1":"JODHPUR","CITY 2":"JODHPUR","STATE":"RAJASTHAN","STD CODE2":"291","PHONE":"2547442"},
        {"BANK":"BOMBAY MERCANTILE COOPERATIVE BANK LTD","IFSC":"BMCB0000044","MICR":"","BRANCH":"DELHI","ADDRESS":"36, NETAJI SUBHASH MARG, DARYA GANJ, NEW DELHI","CITY1":"DELHI","CITY 2":"DELHI","STATE":"DELHI","STD CODE2":"11","PHONE":"23273786"},
        {"BANK":"BOMBAY MERCANTILE COOPERATIVE BANK LTD","IFSC":"BMCB0000043","MICR":"","BRANCH":"AJMER","ADDRESS":"125 BY30, SITARAM BAZAR, KAIZERGUNJ,AJMER","CITY1":"AJMER","CITY 2":"AJMER","STATE":"RAJASTHAN","STD CODE2":"145","PHONE":"2625726"},
        {"BANK":"BOMBAY MERCANTILE COOPERATIVE BANK LTD","IFSC":"BMCB0000042","MICR":"","BRANCH":"BARODA","ADDRESS":"AANAL APARTMENT,DARBAR DESAI ROAD, NAGARWADA, VADODARA","CITY1":"VADODARA","CITY 2":"VADODARA","STATE":"GUJARAT","STD CODE2":"265","PHONE":"2420625"},
        {"BANK":"BOMBAY MERCANTILE COOPERATIVE BANK LTD","IFSC":"BMCB0000041","MICR":"","BRANCH":"SURAT","ADDRESS":"4 BY3163-A SALABATPURA, ZAMPA BAZAR, SURAT","CITY1":"SURAT","CITY 2":"SURAT","STATE":"GUJARAT","STD CODE2":"261","PHONE":"2412200"},
        {"BANK":"BOMBAY MERCANTILE COOPERATIVE BANK LTD","IFSC":"BMCB0000040","MICR":"385069001","BRANCH":"PALANPUR","ADDRESS":"VARDHAMAN SHOPPING CENTRE, 1ST FLOOR, GATTA NAMAN GATE, PALANPUR","CITY1":"PALANPUR","CITY 2":"PALANPUR","STATE":"GUJARAT","STD CODE2":"2742","PHONE":"254622"},
        {"BANK":"BOMBAY MERCANTILE COOPERATIVE BANK LTD","IFSC":"BMCB0000039","MICR":"","BRANCH":"RELIEF ROAD","ADDRESS":"TILAK ROAD, -RELIEF ROAD ,AHMEDABAD","CITY1":"AHMEDABAD","CITY 2":"AHMEDABAD","STATE":"GUJARAT","STD CODE2":"79","PHONE":"22174601"},
        {"BANK":"BOMBAY MERCANTILE COOPERATIVE BANK LTD","IFSC":"BMCB0000038","MICR":"","BRANCH":"KHANPUR ROAD","ADDRESS":"CHHOTA CHAND SURAJ ESTATE,KHANPUR ROAD, AHMEDABAD","CITY1":"AHMEDABAD","CITY 2":"AHMEDABAD","STATE":"GUJARAT","STD CODE2":"79","PHONE":"25501641"},
        {"BANK":"BOMBAY MERCANTILE COOPERATIVE BANK LTD","IFSC":"BMCB0000037","MICR":"","BRANCH":"GANDHI ROAD","ADDRESS":"1886, FUVARA GANDHI ROAD,AHMEDABAD","CITY1":"AHMEDABAD","CITY 2":"AHMEDABAD","STATE":"GUJARAT","STD CODE2":"79","PHONE":"25357390"},
        {"BANK":"BOMBAY MERCANTILE COOPERATIVE BANK LTD","IFSC":"BMCB0000036","MICR":"","BRANCH":"MALEGAON","ADDRESS":"OPP. A.T.T. HIGH SCHOOL KIDWAI ROAD, MALEGAON","CITY1":"MALEGAON","CITY 2":"MALEGAON","STATE":"MAHARASHTRA","STD CODE2":"2554","PHONE":"230692"},
        {"BANK":"BOMBAY MERCANTILE COOPERATIVE BANK LTD","IFSC":"BMCB0000034","MICR":"","BRANCH":"HYDERABAD","ADDRESS":"5-5-489,HUSSAINI BUILDING COMPLEX,MOAZAM JAHI MARKET ROAD, HYDERABAD","CITY1":"HYDERABAD","CITY 2":"HYDERABAD","STATE":"TELANGANA","STD CODE2":"40","PHONE":"24600636"},
        {"BANK":"BOMBAY MERCANTILE COOPERATIVE BANK LTD","IFSC":"BMCB0000033","MICR":"","BRANCH":"NANDED","ADDRESS":"B.M.C BANK BUILDING, MAHATMA GANDHI ROAD,NEAR HABIB TALKIES, NANDED","CITY1":"NANDED","CITY 2":"NANDED","STATE":"MAHARASHTRA","STD CODE2":"2462","PHONE":"234971"},
        {"BANK":"BOMBAY MERCANTILE COOPERATIVE BANK LTD","IFSC":"BMCB0000032","MICR":"431069006","BRANCH":"KHULDABAD","ADDRESS":"ZARZARI BUX ROAD,KHULDABAD","CITY1":"KHULDABAD","CITY 2":"KHULDABAD","STATE":"MAHARASHTRA","STD CODE2":"2437","PHONE":"241047"},
        {"BANK":"BOMBAY MERCANTILE COOPERATIVE BANK LTD","IFSC":"BMCB0000031","MICR":"431069005","BRANCH":"AURANGABAD CIDCO","ADDRESS":"TAJ COMPLEX, SHOP NO. 3 & 4, GROUND FLOOR, PLOT NO. 10,CIDCO TOWN CENTRE CANNAUGHT, AURANGABAD","CITY1":"AURANGABAD","CITY 2":"AURANGABAD","STATE":"MAHARASHTRA","STD CODE2":"240","PHONE":"2485250"},
        {"BANK":"BOMBAY MERCANTILE COOPERATIVE BANK LTD","IFSC":"BMCB0000030","MICR":"431069004","BRANCH":"AURANGABAD LADIES","ADDRESS":"SADIYA TALKIES COMPOUND, NEAR PAITHAN GATE,AURANGABAD","CITY1":"AURANGABAD","CITY 2":"AURANGABAD","STATE":"MAHARASHTRA","STD CODE2":"240","PHONE":"2334735"},
        {"BANK":"BOMBAY MERCANTILE COOPERATIVE BANK LTD","IFSC":"BMCB0000029","MICR":"","BRANCH":"AURANGABAD MAIN","ADDRESS":"JUNA BAZAR, AURANGABAD","CITY1":"AURANGABAD","CITY 2":"AURANGABAD","STATE":"MAHARASHTRA","STD CODE2":"240","PHONE":"2334585"},
        {"BANK":"BOMBAY MERCANTILE COOPERATIVE BANK LTD","IFSC":"BMCB0000028","MICR":"","BRANCH":"SOLAPUR","ADDRESS":"131, SIDDESHWAR PETH, CIVIL CHOWK, SOLAPUR","CITY1":"SOLAPUR","CITY 2":"SOLAPUR","STATE":"MAHARASHTRA","STD CODE2":"217","PHONE":"2627677"},
        {"BANK":"BOMBAY MERCANTILE COOPERATIVE BANK LTD","IFSC":"BMCB0000027","MICR":"","BRANCH":"PUNE","ADDRESS":"SHOP NO. 17, MAHATMA GANDHI ROAD,PUNE","CITY1":"PUNE","CITY 2":"PUNE","STATE":"MAHARASHTRA","STD CODE2":"20","PHONE":"26139128"},
        {"BANK":"BOMBAY MERCANTILE COOPERATIVE BANK LTD","IFSC":"BMCB0000026","MICR":"","BRANCH":"PANVEL","ADDRESS":"JASDANWALA COMPLEX, OPP. PRAVIN HOTEL, MUMBAI PUNE ROAD, NAVI MUMBAI","CITY1":"NAVI MUMBAI","CITY 2":"NAVI MUMBAI","STATE":"MAHARASHTRA","STD CODE2":"22","PHONE":"27453181"},
        {"BANK":"BOMBAY MERCANTILE COOPERATIVE BANK LTD","IFSC":"BMCB0000025","MICR":"","BRANCH":"SANTACRUZ","ADDRESS":"SHOP NO.1, 128-B RACHANA BUILDING, GROUND FLOOR,STATION ROAD, NEAS BOHRA MASJID, SANTACRUZ-WEST, MUMBAI","CITY1":"MUMBAI","CITY 2":"MUMBAI","STATE":"MAHARASHTRA","STD CODE2":"22","PHONE":"26496446"},
        {"BANK":"BOMBAY MERCANTILE COOPERATIVE BANK LTD","IFSC":"BMCB0000024","MICR":"","BRANCH":"VERSOVA","ADDRESS":"SHOP NO.1 AND 2, GR. FLOOR, SILVER ARCH BLDG. CO-OP. HSG SOC, OPP.MILLAT NAGAR, LOKHANDWALA COMPLEX, ANDHERI-W, MUMBAI","CITY1":"MUMBAI","CITY 2":"MUMBAI","STATE":"MAHARASHTRA","STD CODE2":"22","PHONE":"26326682"},
        {"BANK":"BOMBAY MERCANTILE COOPERATIVE BANK LTD","IFSC":"BMCB0000023","MICR":"","BRANCH":"VASHI SECTOR -SEVENTEEN","ADDRESS":"VARDHMAN CHAMBERS CO-OPERATIVE HOUSING SOCIETY LTD.SHOP NO.5 TO 7 & 11, PLOT NO.84, VASHI SECTOR - 17, NAVI MUMBAI","CITY1":"NAVI MUMBAI","CITY 2":"NAVI MUMBAI","STATE":"MAHARASHTRA","STD CODE2":"22","PHONE":"27890592"},
        {"BANK":"BOMBAY MERCANTILE COOPERATIVE BANK LTD","IFSC":"BMCB0000022","MICR":"","BRANCH":"BHIWANDI","ADDRESS":"38, KOTERGATE, BHIWANDI","CITY1":"THANE","CITY 2":"THANE","STATE":"MAHARASHTRA","STD CODE2":"2522","PHONE":"252307"},
        {"BANK":"BOMBAY MERCANTILE COOPERATIVE BANK LTD","IFSC":"BMCB0000021","MICR":"","BRANCH":"BANDRA","ADDRESS":"RIVOLI F BY1085, WATERFIELD ROADOPP. BANDRA POST OFFICE, BANDRA -WEST, MUMBAI","CITY1":"MUMBAI","CITY 2":"MUMBAI","STATE":"MAHARASHTRA","STD CODE2":"22","PHONE":"26401717"},
        {"BANK":"BOMBAY MERCANTILE COOPERATIVE BANK LTD","IFSC":"BMCB0000020","MICR":"","BRANCH":"ANDHERI","ADDRESS":"OM NIKETAN CO-OPERATIVE HOUSING SOCEITY LTD, 314, PALI RAM ROAD, MUMBAI","CITY1":"MUMBAI","CITY 2":"MUMBAI","STATE":"MAHARASHTRA","STD CODE2":"22","PHONE":"26281634"},
        {"BANK":"BOMBAY MERCANTILE COOPERATIVE BANK LTD","IFSC":"BMCB0000019","MICR":"","BRANCH":"ABDUL REHMAN STREET","ADDRESS":"294, ABDUL REHMAN STREETMUMBAI","CITY1":"MUMBAI","CITY 2":"MUMBAI","STATE":"MAHARASHTRA","STD CODE2":"22","PHONE":"23448490"},
        {"BANK":"BOMBAY MERCANTILE COOPERATIVE BANK LTD","IFSC":"BMCB0000018","MICR":"","BRANCH":"MALAD","ADDRESS":"KOTHARI MILES STONE MALL,3RD FLOOR, S.V. ROAD, MALAD-WEST, MUMBAI","CITY1":"MUMBAI","CITY 2":"MUMBAI","STATE":"MAHARASHTRA","STD CODE2":"22","PHONE":"28883321"},
        {"BANK":"BOMBAY MERCANTILE COOPERATIVE BANK LTD","IFSC":"BMCB0000017","MICR":"","BRANCH":"COLABA","ADDRESS":"GARDEN ROAD, COLABA CAUSEWAYOPP. CUSROW BAUG, MUMBAI","CITY1":"MUMBAI","CITY 2":"MUMBAI","STATE":"MAHARASHTRA","STD CODE2":"22","PHONE":"22831231"},
        {"BANK":"BOMBAY MERCANTILE COOPERATIVE BANK LTD","IFSC":"BMCB0000016","MICR":"","BRANCH":"VASHI SECTOR-SEVEN","ADDRESS":"SHOP NO.25 - 28, VASHI SECTOR-7, NAVI MUMBAI","CITY1":"NAVI MUMBAI","CITY 2":"NAVI MUMBAI","STATE":"MAHARASHTRA","STD CODE2":"22","PHONE":"27820373"},
        {"BANK":"BOMBAY MERCANTILE COOPERATIVE BANK LTD","IFSC":"BMCB0000015","MICR":"","BRANCH":"KEMPC CORNER","ADDRESS":"ý404 BY 501 BY 601, SHREEPATI ARCADE, A. K. MARGNANA CHOWK, GRANT ROAD-WEST, MUMBAI","CITY1":"MUMBAI","CITY 2":"MUMBAI","STATE":"MAHARASHTRA","STD CODE2":"22","PHONE":"23811364"}
        ,
        {"BANK":"BOMBAY MERCANTILE COOPERATIVE BANK LTD","IFSC":"BMCB0000014","MICR":"","BRANCH":"GIRGAON","ADDRESS":"DHOOTAPAPESHWAR PRASAD,J. SHANKERSHET ROAD, MUMBAI","CITY1":"MUMBAI","CITY 2":"MUMBAI","STATE":"MAHARASHTRA","STD CODE2":"22","PHONE":"23876944"},
        {"BANK":"BOMBAY MERCANTILE COOPERATIVE BANK LTD","IFSC":"BMCB0000013","MICR":"","BRANCH":"P. D-MELLO ROAD","ADDRESS":"NAV RATAN BUILDING, 69, P. D MELLO ROADNEAR CARNAC BUNDER, MUMBAI","CITY1":"MUMBAI","CITY 2":"MUMBAI","STATE":"MAHARASHTRA","STD CODE2":"22","PHONE":"23481762"},
        {"BANK":"BOMBAY MERCANTILE COOPERATIVE BANK LTD","IFSC":"BMCB0000012","MICR":"","BRANCH":"NULLBAZAR","ADDRESS":"6AB-7AB, JARIWALA BUILDING, NULL BAZAR, MUMBAI","CITY1":"MUMBAI","CITY 2":"MUMBAI","STATE":"MAHARASHTRA","STD CODE2":"22","PHONE":"23462778"},
        {"BANK":"BOMBAY MERCANTILE COOPERATIVE BANK LTD","IFSC":"BMCB0000011","MICR":"","BRANCH":"MUSAFIR KHANNA","ADDRESS":"BHOPLA BUILDING, SHOP NO. 1, GROUND FLOOR,38, CARNAC RAOAD, MUMBAI","CITY1":"MUMBAI","CITY 2":"MUMBAI","STATE":"MAHARASHTRA","STD CODE2":"22","PHONE":"23407048"},
        {"BANK":"BOMBAY MERCANTILE COOPERATIVE BANK LTD","IFSC":"BMCB0000010","MICR":"","BRANCH":"MAULANA AZAD ROAD","ADDRESS":"PATEL & SONI ARCADE,MAULANA AZAD ROAD, MUMBAI","CITY1":"MUMBAI","CITY 2":"MUMBAI","STATE":"MAHARASHTRA","STD CODE2":"22","PHONE":"23073155"},
        {"BANK":"BOMBAY MERCANTILE COOPERATIVE BANK LTD","IFSC":"BMCB0000009","MICR":"","BRANCH":"MAHIM","ADDRESS":"224, VEER SAVARKAR MARG, MAHIM, MUMBAI","CITY1":"MUMBAI","CITY 2":"MUMBAI","STATE":"MAHARASHTRA","STD CODE2":"22","PHONE":"24450599"},
        {"BANK":"BOMBAY MERCANTILE COOPERATIVE BANK LTD","IFSC":"BMCB0000008","MICR":"","BRANCH":"KURLA","ADDRESS":"SHOP NO.14, KANAKIA ZILLION, PHASE 2, C.S.T ROAD, KURLA-WEST, MUMBAI","CITY1":"MUMBAI","CITY 2":"MUMBAI","STATE":"MAHARASHTRA","STD CODE2":"22","PHONE":"26525591"},
        {"BANK":"BOMBAY MERCANTILE COOPERATIVE BANK LTD","IFSC":"BMCB0000007","MICR":"","BRANCH":"KHARA TANK ROAD","ADDRESS":"SHOP NO.1 BY2 BY5 BY6, GROUND FLOOR, NISAR MANZIL, 18 BY20, JAIL ROAD-EAST, DONGRI, MUMBAI","CITY1":"MUMBAI","CITY 2":"MUMBAI","STATE":"MAHARASHTRA","STD CODE2":"22","PHONE":"23776984"},
        {"BANK":"BOMBAY MERCANTILE COOPERATIVE BANK LTD","IFSC":"BMCB0000006","MICR":"","BRANCH":"JOGESHWARI","ADDRESS":"MTNL BUILDING, GROUND FLOOR, S.V. ROAD, MUMBAI","CITY1":"MUMBAI","CITY 2":"MUMBAI","STATE":"MAHARASHTRA","STD CODE2":"22","PHONE":"26799216"},
        {"BANK":"BOMBAY MERCANTILE COOPERATIVE BANK LTD","IFSC":"BMCB0000005","MICR":"","BRANCH":"FORT","ADDRESS":"253, P. NARIMAN STREET ,MUMBAI","CITY1":"MUMBAI","CITY 2":"MUMBAI","STATE":"MAHARASHTRA","STD CODE2":"22","PHONE":"22610049"},
        {"BANK":"BOMBAY MERCANTILE COOPERATIVE BANK LTD","IFSC":"BMCB0000004","MICR":"","BRANCH":"EBRAHIM REHMATOOLA ROAD","ADDRESS":"71, EBRAHIM REHIMTOOLA ROAD,MUMBAI","CITY1":"MUMBAI","CITY 2":"MUMBAI","STATE":"MAHARASHTRA","STD CODE2":"22","PHONE":"23708831"},
        {"BANK":"BOMBAY MERCANTILE COOPERATIVE BANK LTD","IFSC":"BMCB0000003","MICR":"","BRANCH":"BYCULLA","ADDRESS":"1B,ALEXANDRA TERRACE, DR. AMBEDKAR MARG,","CITY1":"MUMBAI","CITY 2":"MUMBAI","STATE":"MAHARASHTRA","STD CODE2":"22","PHONE":"23711476"},
        {"BANK":"BOMBAY MERCANTILE COOPERATIVE BANK LTD","IFSC":"BMCB0000002","MICR":"","BRANCH":"HEAD OFFICE BRANCH","ADDRESS":"78, MOHAMMEDALI ROAD, MUMBAI","CITY1":"MUMBAI","CITY 2":"MUMBAI","STATE":"MAHARASHTRA","STD CODE2":"22","PHONE":"23114800"}
        ]
}