{
    "data": [
        {"BANK":"BHARAT COOPERATIVE BANK MUMBAI LIMITED","IFSC":"BCBM0000103","BRANCH":"KHAR EAST","ADDRESS":"BLOCK NO.47, GROUND FLOOR AND FIRST FLOOR, THE MAHATMA CHS LTD., GOLIBAR ROAD, JAWAHAR NAGAR, KHAR EAST-400055","CITY1":"GREATER BOMBAY","CITY2":"MUMBAI","STATE":"MAHARASHTRA","STD CODE":"22","PHONE":"61890000"},
        {"BANK":"BHARAT COOPERATIVE BANK MUMBAI LIMITED","IFSC":"BCBM0000102","BRANCH":"ANKLESHWAR","ADDRESS":"SHOP NO.15,16,29 AND 30, R.S. NO. 204/P, OMKAR II, PIRAMAN, ANKLESHWAR - 393002","CITY1":"BHARUCH","CITY2":"BHARUCH","STATE":"GUJARAT","STD CODE":"22","PHONE":"61890000"},
        {"BANK":"BHARAT COOPERATIVE BANK MUMBAI LIMITED","IFSC":"BCBM0000101","BRANCH":"KHAR WEST","ADDRESS":"GROUND FLOOR, SHOP NO. 5 AND FIRST FLOOR, SHOP NO.6, DHARVESH GRAND, 4TH ROAD, NEAR KHAR STATION ROAD, KHAR (WEST), MUMBAI - 400052","CITY1":"GREATER MUMBAI","CITY2":"MUMBAI","STATE":"MAHARASHTRA","STD CODE":"22","PHONE":"1"},
        {"BANK":"BHARAT COOPERATIVE BANK MUMBAI LIMITED","IFSC":"BCBM0000100","BRANCH":"MATUNGA EAST","ADDRESS":"SHOP NO. 3 TO 7, JAMNADAS MANSION, LAXMINARAYAN LANE, MATUNGA (EAST), MUMBAI - 400019","CITY1":"GREATER MUMBAI","CITY2":"MUMBAI","STATE":"MAHARASHTRA","STD CODE":"22","PHONE":"1"},
        {"BANK":"BHARAT COOPERATIVE BANK MUMBAI LIMITED","IFSC":"BCBM0000099","BRANCH":"I.C. COLONY BORIVALI WEST","ADDRESS":"GROUND FLOOR, SHOP NO. 1 AND 2, AMI JHAROKHA, I.C. COLONY ROAD, BORIVALI (WEST), MUMBAI- 400103","CITY1":"GREATER BOMBAY","CITY2":"MUMBAI","STATE":"MAHARASHTRA","STD CODE":"22","PHONE":"1"},
        {"BANK":"BHARAT COOPERATIVE BANK MUMBAI LIMITED","IFSC":"BCBM0000098","BRANCH":"HUBBALI","ADDRESS":"GROUND FLOOR, SATELLITE COMPLEX, KOPPIKAR ROAD, HUBBALI- 580020","CITY1":"DHARWAD","CITY2":"HUBBALI","STATE":"KARNATAKA","STD CODE":"836","PHONE":"1"},
        {"BANK":"BHARAT COOPERATIVE BANK MUMBAI LIMITED","IFSC":"BCBM0000097","BRANCH":"BELAGAVI","ADDRESS":"GROUND FLOOR, AMAR EMPIRE, NEAR GOAVES CIRCLE, KHANAPUR ROAD, BELAGAVI- 590001","CITY1":"BELAGAVI","CITY2":"BELAGAVI","STATE":"KARNATAKA","STD CODE":"824","PHONE":"1"},
        {"BANK":"BHARAT COOPERATIVE BANK MUMBAI LIMITED","IFSC":"BCBM0000096","BRANCH":"PALGHAR","ADDRESS":"SHOP NO. 24 TO 27, GROUND FLOOR, PUNIT NAGAR, OPP. PHELIA HOSPITAL, TEMBODE ROAD, PALGHAR WEST- 401404","CITY1":"PALGHAR","CITY2":"PALGHAR","STATE":"MAHARASHTRA","STD CODE":"22","PHONE":"1"},
        {"BANK":"BHARAT COOPERATIVE BANK MUMBAI LIMITED","IFSC":"BCBM0000095","BRANCH":"SHREE NAGAR MULUND WEST","ADDRESS":"1ST FLOOR, SHOP NO 104, ARIHANT REALTORS, VAISHALI NAGAR, BR ROAD, SHREE NAGAR, MULUND WEST, MUMBAI- 400080","CITY1":"GREATER BOMBAY","CITY2":"MUMBAI","STATE":"MAHARASHTRA","STD CODE":"22","PHONE":"1"},
        {"BANK":"BHARAT COOPERATIVE BANK MUMBAI LIMITED","IFSC":"BCBM0000094","BRANCH":"MASJID BUNDER","ADDRESS":"GROUND FLOOR, GADA NIWAS, 222, NARSHI NATHA STREET, BHAT BAZAR, MASJID BUNDER (WEST), MUMBAI- 400009","CITY1":"GREATER BOMBAY","CITY2":"MUMBAI","STATE":"MAHARASHTRA","STD CODE":"22","PHONE":"1"},
        {"BANK":"BHARAT COOPERATIVE BANK MUMBAI LIMITED","IFSC":"BCBM0000093","BRANCH":"AHMEDABAD","ADDRESS":"GROUND FLOOR NO.1, ABHISHREE ADROIT, JUDGES BUNGALOW ROAD, NEAR MANSI CIRCLE, VASTRAPUR, AHMEDABAD- 380015","CITY1":"AHMEDABAD","CITY2":"AHMEDABAD","STATE":"GUJARAT","STD CODE":"22","PHONE":"61890000"},
        {"BANK":"BHARAT COOPERATIVE BANK MUMBAI LIMITED","IFSC":"BCBM0000092","BRANCH":"POWAI","ADDRESS":"GROUND & FIRST FLOOR, C1/101, DAFFODIL, HIRANANDANI GARDENS, POWAI, MUMBAI- 400076","CITY1":"GREATER BOMBAY","CITY2":"MUMBAI","STATE":"MAHARASHTRA","STD CODE":"22","PHONE":"1"},
        {"BANK":"BHARAT COOPERATIVE BANK MUMBAI LIMITED","IFSC":"BCBM0000091","BRANCH":"DIVA","ADDRESS":"GROUND FLOOR, SHREE KRISHNA PARK, DIVA-SHILL ROAD, THANE DISTRICT, DIVA EAST- 400612","CITY1":"THANE","CITY2":"THANE","STATE":"MAHARASHTRA","STD CODE":"22","PHONE":"1"},
        {"BANK":"BHARAT COOPERATIVE BANK MUMBAI LIMITED","IFSC":"BCBM0000090","BRANCH":"SHIRDI","ADDRESS":"GROUND FLOOR, HOTEL THE ESHOSANS PALACE, PIMPALWADI ROAD, TALUKA RAHATA, DISTRICT AHMEDNAGAR- 423109","CITY1":"AHMEDNAGAR","CITY2":"AHMEDNAGAR","STATE":"MAHARASHTRA","STD CODE":"2423","PHONE":"1"},
        {"BANK":"BHARAT COOPERATIVE BANK MUMBAI LIMITED","IFSC":"BCBM0000089","BRANCH":"AKURLI ROAD KANDIVLI EAST","ADDRESS":"BUNGLOW NO. 2, SHREE MIRA CHS LTD., AKURLI ROAD, KANDIVLI EAST, MUMBAI-400101","CITY1":"GREATER BOMBAY","CITY2":"MUMBAI","STATE":"MAHARASHTRA","STD CODE":"22","PHONE":"1"},
        {"BANK":"BHARAT COOPERATIVE BANK MUMBAI LIMITED","IFSC":"BCBM0000088","BRANCH":"BYCULLA","ADDRESS":"SHOP NO.3 AND 4, JAI KRUPA CHS LTD, BEHIND RANI BAUG, RAMBHAU BHOGALE MARG, BEHIND RANI BAUG, GHODAPDEV, BYCULLA EAST, MUMBAI- 400033","CITY1":"GREATER BOMBAY","CITY2":"MUMBAI","STATE":"MAHARASHTRA","STD CODE":"22","PHONE":"61890000"},
        {"BANK":"BHARAT COOPERATIVE BANK MUMBAI LIMITED","IFSC":"BCBM0000087","BRANCH":"GHATKOPAR EAST","ADDRESS":"SHOP NO.101 TO 106, 1ST FLOOR, KHODAL CHAMBER, PATEL CHOWK, 60 FEET ROAD, GHATKOPAR EAST, MUMBAI- 400077","CITY1":"GREATER BOMBAY","CITY2":"MUMBAI","STATE":"MAHARASHTRA","STD CODE":"22","PHONE":"61890000"},
        {"BANK":"BHARAT COOPERATIVE BANK MUMBAI LIMITED","IFSC":"BCBM0000086","BRANCH":"MALAD RANI SATI","ADDRESS":"OFFICE NO.1, FIRST FLOOR, SHAH ARCADE II, CTS 502, RANI SATI MARG, MALAD EAST, MUMBAI- 400097","CITY1":"GREATER MUMBAI","CITY2":"MUMBAI","STATE":"MAHARASHTRA","STD CODE":"22","PHONE":"61890000"},
        {"BANK":"BHARAT COOPERATIVE BANK MUMBAI LIMITED","IFSC":"BCBM0000085","BRANCH":"KURLA EAST","ADDRESS":"SHOP NO 5 TO 9, SURYAMUKHI CHSL, BUILDING NO. 46, NEHRU NAGAR, KURLA EAST, MUMBAI - 400024","CITY1":"GREATER BOMBAY","CITY2":"MUMBAI","STATE":"MAHARASHTRA","STD CODE":"22","PHONE":"61890000"},
        {"BANK":"BHARAT COOPERATIVE BANK MUMBAI LIMITED","IFSC":"BCBM0000084","BRANCH":"SHIVAJI NAGAR - PUNE","ADDRESS":"D Gold House,Unit No.1A,1B and 1C,Final Plot No.558,Survey No.1180,Near Dnyaneshwar Paduka Chowk,Behind Bharat Petrol Pump,Shivaji Nagar,Pune-411005","CITY1":"PUNE","CITY2":"PUNE","STATE":"MAHARASHTRA","STD CODE":"22","PHONE":"61890000"},
        {"BANK":"BHARAT COOPERATIVE BANK MUMBAI LIMITED","IFSC":"BCBM0000083","BRANCH":"SURAT","ADDRESS":"GROUND FLOOR, CENTRAL BAZZAR,OPP. VARACHHA POLICE STATION, MINI BAZAR, VARACHHA, SURAT- 395006","CITY1":"SURAT","CITY2":"SURAT","STATE":"GUJARAT","STD CODE":"22","PHONE":"61890000"},
        {"BANK":"BHARAT COOPERATIVE BANK MUMBAI LIMITED","IFSC":"BCBM0000082","BRANCH":"VADODARA","ADDRESS":"SHOP NO. 111,112 AND 209, MIDTOWN HEIGHTS, PIZZAINN, JETALPUR ROAD, ALKAPURI, VADODARA- 390007","CITY1":"VADODARA","CITY2":"VADODARA","STATE":"GUJARAT","STD CODE":"22","PHONE":"61890000"},
        {"BANK":"BHARAT COOPERATIVE BANK MUMBAI LIMITED","IFSC":"BCBM0000081","BRANCH":"WORLI","ADDRESS":"SHOP NO.2,2A, BHAVESHWAR BUILDING, NEAR PODDAR HOSPITAL, 148-B, DR. ANNIE BESANT ROAD, WORLI, MUMBAI- 400018","CITY1":"GREATER BOMBAY","CITY2":"MUMBAI","STATE":"MAHARASHTRA","STD CODE":"22","PHONE":"61890000"},
        {"BANK":"BHARAT COOPERATIVE BANK MUMBAI LIMITED","IFSC":"BCBM0000080","BRANCH":"BORIVALI EAST","ADDRESS":"SHOP NO.1, RITE GOLDEN CREST, DAULAT NAGAR, S.V ROAD, BORIVALI EAST, MUMBAI- 400066","CITY1":"GREATER BOMBAY","CITY2":"MUMBAI","STATE":"MAHARASHTRA","STD CODE":"22","PHONE":"61890000"},
        {"BANK":"BHARAT COOPERATIVE BANK MUMBAI LIMITED","IFSC":"BCBM0000079","BRANCH":"CHARKOP KANDIVALI WEST","ADDRESS":"SHOP NO. A-1, GROUND FLOOR, SUNRAYS SHOPPING CENTER, SECTOR NO.5, CHARKOP MARKET, KANDIVALI (WEST) MUMBAI- 400067","CITY1":"GREATER BOMBAY","CITY2":"MUMBAI","STATE":"MAHARASHTRA","STD CODE":"22","PHONE":"61890000"},
        {"BANK":"BHARAT COOPERATIVE BANK MUMBAI LIMITED","IFSC":"BCBM0000078","BRANCH":"MAGADI MAIN ROAD","ADDRESS":"R R PLAZA, GROUND FLOOR, GOVIDARAJ NAGAR, B BLOCK, KHB COLONY, NEAR A2B HOTEL, MAGADI ROAD, BENGALURU- 560040","CITY1":"BENGALURU","CITY2":"BENGALURU","STATE":"KARNATAKA","STD CODE":"22","PHONE":"61890000"},
        {"BANK":"BHARAT COOPERATIVE BANK MUMBAI LIMITED","IFSC":"BCBM0000077","BRANCH":"KORAMANGALA","ADDRESS":"PARAGON PRIMA, GROUND FLOOR, NO.39, 8TH MAIN, KORAMANGALA, 4TH BLOCK BENGALURU- 560034","CITY1":"BENGALURU","CITY2":"BENGALURU","STATE":"KARNATAKA","STD CODE":"22","PHONE":"61890000"},
        {"BANK":"BHARAT COOPERATIVE BANK MUMBAI LIMITED","IFSC":"BCBM0000076","BRANCH":"AIROLI","ADDRESS":"SHOP NO. 7,8 AND 9,GROUND FLOOR, RAMDEV COMPLEX CHSL, PLOT NO.53, SECTOR 19, AIROLI, NAVI MUMBAI- 400708","CITY1":"NAVI MUMBAI","CITY2":"AIROLI","STATE":"MAHARASHTRA","STD CODE":"22","PHONE":"61890000"},
        {"BANK":"BHARAT COOPERATIVE BANK MUMBAI LIMITED","IFSC":"BCBM0000075","BRANCH":"BOISAR","ADDRESS":"GROUND FLOOR,SANMAN APARTMENTS,NEAR RAM MANDIR,NAVPUR ROAD,SARAVALI VILLAGE,BOISAR,DIST PALGHAR - 401501","CITY1":"PALGHAR","CITY2":"BOISAR","STATE":"MAHARASHTRA","STD CODE":"22","PHONE":"61890000"},
        {"BANK":"BHARAT COOPERATIVE BANK MUMBAI LIMITED","IFSC":"BCBM0000074","BRANCH":"AMBERNATH EAST","ADDRESS":"SHOP NO.4 AND 5, GODAVARI HEIGHTS, NEAR DATTA MANDIR, BAJIPRABHU DESHPANDE ROAD, VADAVLI, AMBERNATH EAST, DIST-THANE 421501","CITY1":"THANE","CITY2":"AMBERNATH","STATE":"MAHARASHTRA","STD CODE":"22","PHONE":"61890000"},
        {"BANK":"BHARAT COOPERATIVE BANK MUMBAI LIMITED","IFSC":"BCBM0000073","BRANCH":"KANJURMARG EAST","ADDRESS":"GALA NO.1 AND 2,GROUND FLOOR OF SHREE KUTCHHI BRAHMA KSHATRIYA PANCHAYAT, NEAR CROMPTON GREAVES CO, KANJUR VILLAGE ROAD,KANJURMARG EAST, MUMBAI-400042","CITY1":"GREATER BOMBAY","CITY2":"MUMBAI","STATE":"MAHARASHTRA","STD CODE":"22","PHONE":"61890000"},
        {"BANK":"BHARAT COOPERATIVE BANK MUMBAI LIMITED","IFSC":"BCBM0000072","BRANCH":"VAPI","ADDRESS":"GROUND FLOOR OF STOP AND GO COMPLEX,DAMAN ROAD,NEAR DABHEL CHECK POST,VAPI,VALSAD - 396191","CITY1":"VALSAD","CITY2":"VAPI","STATE":"GUJARAT","STD CODE":"22","PHONE":"61890000"},
        {"BANK":"BHARAT COOPERATIVE BANK MUMBAI LIMITED","IFSC":"BCBM0000071","BRANCH":"MALAD EAST - KOKNIPADA","ADDRESS":"FIRST FLOOR OF COSMIC HERITAGE,SHOP NO.2, G.G. MAHAKARI MARG, KOKNIPADA, MALAD EAST, MUMBAI - 400097","CITY1":"GREATER BOMBAY","CITY2":"MUMBAI","STATE":"MAHARASHTRA","STD CODE":"22","PHONE":"61890107"},
        {"BANK":"BHARAT COOPERATIVE BANK MUMBAI LIMITED","IFSC":"BCBM0000070","BRANCH":"BANDRA WEST","ADDRESS":"GROUND FLOOR,SHOP NO.1,PLOT NO.368,HOTEL SIDDHARTH BLDG, SHRI SAI GURU AASHISH BLDG,NEXT TO BANDRA LAKE, SWAMI VIVEKANAND ROAD, BANDRA WEST MUMBAI 400050","CITY1":"GREATER BOMBAY","CITY2":"MUMBAI","STATE":"MAHARASHTRA","STD CODE":"22","PHONE":"26417602"},
        {"BANK":"BHARAT COOPERATIVE BANK MUMBAI LIMITED","IFSC":"BCBM0000069","BRANCH":"ANDHERI EAST MAHAKALI CAVES ROAD BRANCH","ADDRESS":"PLOT NO.1, RAMYA JEEVAN COOP HOUSING SOCIETY LTD, MAHAKALI CAVES ROAD, ANDHERI EAST, MUMBAI 400093","CITY1":"MUMBAI","CITY2":"MUMBAI","STATE":"MAHARASHTRA","STD CODE":"22","PHONE":"61890106"},
        {"BANK":"BHARAT COOPERATIVE BANK MUMBAI LIMITED","IFSC":"BCBM0000068","BRANCH":"PAREL","ADDRESS":"ROYALE IMPERIA, GROUND FLOOR, SHOP NO.1 TO 4,PLOT NO. 105,CHARMAR BAUG ROAD,PAREL MUMBAI 400012","CITY1":"GREATER BOMBAY","CITY2":"MUMBAI","STATE":"MAHARASHTRA","STD CODE":"22","PHONE":"61890107"},
        {"BANK":"BHARAT COOPERATIVE BANK MUMBAI LIMITED","IFSC":"BCBM0000067","BRANCH":"VILE PARLE WEST","ADDRESS":"SHOP NO 1,GROUND FLOOR,M L SPACES,DASHRATHLAL JOSHI MARG,STATION ROAD,VILE PARLE WEST MUMBAI 400056","CITY1":"GREATER BOMBAY","CITY2":"MUMBAI","STATE":"MAHARASHTRA","STD CODE":"22","PHONE":"61890107"},
        {"BANK":"BHARAT COOPERATIVE BANK MUMBAI LIMITED","IFSC":"BCBM0000066","BRANCH":"VIKHROLI","ADDRESS":"GR FLR,VIKHROLI SHIV KRUPA INDL. PREMISES CHS,LBS MARG,VIKHROLI WEST, MUMBAI 400083","CITY1":"GREATER BOMBAY","CITY2":"MUMBAI","STATE":"MAHARASHTRA","STD CODE":"22","PHONE":"61890106"},
        {"BANK":"BHARAT COOPERATIVE BANK MUMBAI LIMITED","IFSC":"BCBM0000065","BRANCH":"LONAVALA","ADDRESS":"GROUND FLOOR,AGARWAL BLDG,78 G WARD,BHAJI MARKET ROAD,LONAVALA DIST PUNE","CITY1":"PUNE","CITY2":"PUNE","STATE":"MAHARASHTRA","STD CODE":"22","PHONE":"61890107"},
        {"BANK":"BHARAT COOPERATIVE BANK MUMBAI LIMITED","IFSC":"BCBM0000064","BRANCH":"KOPARKHAIRNE","ADDRESS":"SHUBHAM BLDG., SHOP NO. 3 AND 4, PLOT 77, SEC 18, KOPARKHAIRNE, NAVIMUMBAI 400709","CITY1":"GREATER BOMBAY","CITY2":"NAVI MUMBAI","STATE":"MAHARASHTRA","STD CODE":"22","PHONE":"61890107"},
        {"BANK":"BHARAT COOPERATIVE BANK MUMBAI LIMITED","IFSC":"BCBM0000063","BRANCH":"NALLASOPARA WEST","ADDRESS":"102,103,104 NEW PATANKAR CHS LTD., NILEMORE, NALLASOPARA WEST, THANE 401203","CITY1":"THANE","CITY2":"THANE","STATE":"MAHARASHTRA","STD CODE":"22","PHONE":"61890107"},
        {"BANK":"BHARAT COOPERATIVE BANK MUMBAI LIMITED","IFSC":"BCBM0000062","BRANCH":"ANJUR PHATA BHIWANDI","ADDRESS":"FIRST FLOOR, NAVKAR HEIGHTS A, ANJUR PHATA, TAL BHIWANDI, THANE 421302","CITY1":"THANE","CITY2":"THANE","STATE":"MAHARASHTRA","STD CODE":"22","PHONE":"61890107"},
        {"BANK":"BHARAT COOPERATIVE BANK MUMBAI LIMITED","IFSC":"BCBM0000061","BRANCH":"NERUL","ADDRESS":"SHOP NO 22, 23 AND 24, KRISHNA KAMAL CHS, SECTOR 21, NERUL, NAVI MUMBAI 400706.","CITY1":"THANE","CITY2":"NAVI MUMBAI","STATE":"MAHARASHTRA","STD CODE":"22","PHONE":"61890107"},
        {"BANK":"BHARAT COOPERATIVE BANK MUMBAI LIMITED","IFSC":"BCBM0000060","BRANCH":"WADALA","ADDRESS":"SHOP NO 2,3 & 4, GR FLR, SHREE KRISHNA GYAN MANDIR PATSHALA BLDG., STATION RD, WADALA, MUMBAI 400031","CITY1":"GREATER BOMBAY","CITY2":"MUMBAI","STATE":"MAHARASHTRA","STD CODE":"22","PHONE":"9821499966"},
        {"BANK":"BHARAT COOPERATIVE BANK MUMBAI LIMITED","IFSC":"BCBM0000059","BRANCH":"KANKANADY","ADDRESS":"EXOTICA, GR. FLOOR, BALMATTA ROAD, KANKANADY, MANGALORE DIST. DAKSHINA KANNADA 575002.","CITY1":"DAKSHIN KANNAD","CITY2":"MANGALORE","STATE":"KARNATAKA","STD CODE":"824","PHONE":"9820947734"},
        {"BANK":"BHARAT COOPERATIVE BANK MUMBAI LIMITED","IFSC":"BCBM0000058","BRANCH":"UJIRE","ADDRESS":"SAIRAM CENTRAL, 1ST FLOOR, BELAL CROSS, UJIRE, DIST. DAKSHINA KANNADA 574240","CITY1":"DAKSHIN KANNAD","CITY2":"MANGALORE","STATE":"KARNATAKA","STD CODE":"8256","PHONE":"9967227398"},
        {"BANK":"BHARAT COOPERATIVE BANK MUMBAI LIMITED","IFSC":"BCBM0000057","BRANCH":"VIRAR WEST","ADDRESS":"UNIT 1-2, POONAM KALPAVRUKSH, VIRAT NAGAR, VIRAR WEST, THANE 401303","CITY1":"THANE","CITY2":"THANE","STATE":"MAHARASHTRA","STD CODE":"22","PHONE":"9867339063"},
        {"BANK":"BHARAT COOPERATIVE BANK MUMBAI LIMITED","IFSC":"BCBM0000056","BRANCH":"KURLA WEST","ADDRESS":"GROUND FLOOR, KESHAV BAUG CHS LTD., 170 LBS MARG, KURLA WEST, MUMBAI 400 070","CITY1":"GREATER BOMBAY","CITY2":"MUMBAI","STATE":"MAHARASHTRA","STD CODE":"22","PHONE":"25039068"},
        {"BANK":"BHARAT COOPERATIVE BANK MUMBAI LIMITED","IFSC":"BCBM0000055","BRANCH":"DHARAVI WEST","ADDRESS":"GROUND FLOOR, GOLD FILLED PLAZA, SION BANDRA LINK ROAD, MUMBAI 400 017","CITY1":"GREATER BOMBAY","CITY2":"MUMBAI","STATE":"MAHARASHTRA","STD CODE":"22","PHONE":"24023218"},
        {"BANK":"BHARAT COOPERATIVE BANK MUMBAI LIMITED","IFSC":"BCBM0000054","BRANCH":"MULKI","ADDRESS":"SHAMBHAVI COMPLEX, NEAR BUS STAND, MULKY 574154","CITY1":"DAKSHIN KANNAD","CITY2":"MULKI","STATE":"KARNATAKA","STD CODE":"824","PHONE":"2294001"},
        {"BANK":"BHARAT COOPERATIVE BANK MUMBAI LIMITED","IFSC":"BCBM0000053","BRANCH":"MULUND WEST","ADDRESS":"GROUND FLOOR, HANSA VILLA, J. N. ROAD, NEAR APNA BAZAR, MULUND (WEST), MUMBAI 400 080","CITY1":"GREATER BOMBAY","CITY2":"MUMBAI","STATE":"MAHARASHTRA","STD CODE":"22","PHONE":"25646574"},
        {"BANK":"BHARAT COOPERATIVE BANK MUMBAI LIMITED","IFSC":"BCBM0000052","BRANCH":"NASHIK","ADDRESS":"GROUND FLOOR, RUSHIRAJ ANNEX,D'SOUZA COLONY,OPP. COLLEGE ROAD, NASHIK 422 005","CITY1":"NASIK","CITY2":"NASHIK","STATE":"MAHARASHTRA","STD CODE":"253","PHONE":"2340455"},
        {"BANK":"BHARAT COOPERATIVE BANK MUMBAI LIMITED","IFSC":"BCBM0000051","BRANCH":"BUNTWAL","ADDRESS":"TRADE CENTER, MAIN ROAD, B.C. ROAD, BANTWAL, DIST- DAKSHINA KANNADA, KARNATAKA STATE  574 219","CITY1":"DAKSHIN KANNAD","CITY2":"BANTVAL","STATE":"KARNATAKA","STD CODE":"8255","PHONE":"230176"}
        ,
        {"BANK":"BHARAT COOPERATIVE BANK MUMBAI LIMITED","IFSC":"BCBM0000050","BRANCH":"KUNDAPURA","ADDRESS":"VEENU COMPLEX, MAIN RAOD, NEAR BUS STAND, OPP CANARA BANK, DIST: UDUPI, KARNATAKA STATE 576 201","CITY1":"UDIPI","CITY2":"UDUPI","STATE":"KARNATAKA","STD CODE":"8254","PHONE":"234620"},
        {"BANK":"BHARAT COOPERATIVE BANK MUMBAI LIMITED","IFSC":"BCBM0000049","BRANCH":"KARKALA","ADDRESS":"1ST FLOOR, SOVEREIGN BLDG., OPP. MANNAGOPURA, A.S.ROAD, KARKALA 574104","CITY1":"UDIPI","CITY2":"KARKALA","STATE":"KARNATAKA","STD CODE":"8258","PHONE":"235780"},
        {"BANK":"BHARAT COOPERATIVE BANK MUMBAI LIMITED","IFSC":"BCBM0000048","BRANCH":"KALWA","ADDRESS":"GR. FLOOR, KAVERI HEIGHTS, OLD BOMBAY PUNE ROAD, KHAREGAON, KALWA (WEST), THANE 400605","CITY1":"THANE","CITY2":"THANE","STATE":"MAHARASHTRA","STD CODE":"22","PHONE":"25366238"},
        {"BANK":"BHARAT COOPERATIVE BANK MUMBAI LIMITED","IFSC":"BCBM0000047","BRANCH":"MOODABIDRI","ADDRESS":"HOTEL VEENU SKY PLAZA, MOODBIDRI KARKALA ROAD, TAL MANGALORE, KARNATAKA STATE 574227","CITY1":"MOODABIDRI","CITY2":"MOODABIDRI","STATE":"KARNATAKA","STD CODE":"8258","PHONE":"238700"},
        {"BANK":"BHARAT COOPERATIVE BANK MUMBAI LIMITED","IFSC":"BCBM0000046","BRANCH":"PEENYA","ADDRESS":"1ST CROSS,1ST  STAGE, PEENYA INDUSTRIAL  ESTATE, BENGALURU","CITY1":"BANGALORE","CITY2":"PEENYA","STATE":"KARNATAKA","STD CODE":"802","PHONE":"8391995"},
        {"BANK":"BHARAT COOPERATIVE BANK MUMBAI LIMITED","IFSC":"BCBM0000045","BRANCH":"PIMPRI CHINCHWAD","ADDRESS":"SHOP NO B/17 & 18, EMPIRE ESTATE, CHINCHWAD, PUNE 411 019","CITY1":"PUNE","CITY2":"PIMPRI CHINCHWAD","STATE":"MAHARASHTRA","STD CODE":"20","PHONE":"27443535"},
        {"BANK":"BHARAT COOPERATIVE BANK MUMBAI LIMITED","IFSC":"BCBM0000044","BRANCH":"GHODBUNDER ROAD","ADDRESS":"GROUND FLOOR \"DISPLAY SHOP C \" SOLITAIRE TOWERS, CHITALSAT, MANPADA, GHODBUNDER ROAD, THANE (W) 400 607","CITY1":"THANE","CITY2":"MUMBAI","STATE":"MAHARASHTRA","STD CODE":"22","PHONE":"25892531"},
        {"BANK":"BHARAT COOPERATIVE BANK MUMBAI LIMITED","IFSC":"BCBM0000043","BRANCH":"KANDIVALI (EAST)","ADDRESS":"4,GROUND FLOOR,SVITLAND,NEAR SAIDHAM, NR WESTERN EXPRESS HIGHWAY,KANDIVALI (E) MUMBAI-400101","CITY1":"GREATER BOMBAY","CITY2":"MUMBAI","STATE":"MAHARASHTRA","STD CODE":"22","PHONE":"28543356"},
        {"BANK":"BHARAT COOPERATIVE BANK MUMBAI LIMITED","IFSC":"BCBM0000042","BRANCH":"PUTTUR BRANCH","ADDRESS":"OM ARCADE 1-659A, NEAR MAYURA TALKIES, BOLVAR, PUTTUR-574201, DAKSHINA KANNADA.","CITY1":"DAKSHIN KANNADA","CITY2":"MANGALORE","STATE":"KARNATAKA","STD CODE":"8251","PHONE":"233241"},
        {"BANK":"BHARAT COOPERATIVE BANK MUMBAI LIMITED","IFSC":"BCBM0000041","BRANCH":"KALYAN","ADDRESS":"GROUND FLOOR, SUCHAK HOSPITAL BUILDING, AGRA ROAD, KALYAN 421301","CITY1":"THANE","CITY2":"KALYAN","STATE":"MAHARASHTRA","STD CODE":"251","PHONE":"2310011"},
        {"BANK":"BHARAT COOPERATIVE BANK MUMBAI LIMITED","IFSC":"BCBM0000040","BRANCH":"JOGESHWARI (EAST)","ADDRESS":"DINBHAI CHS LTD., NEAR SBI, CAVES ROAD, JOGESHWARI (EAST), MUMBAI 400 060","CITY1":"GREATER BOMBAY","CITY2":"MUMBAI","STATE":"MAHARASHTRA","STD CODE":"22","PHONE":"28310527"},
        {"BANK":"BHARAT COOPERATIVE BANK MUMBAI LIMITED","IFSC":"BCBM0000039","BRANCH":"GHANSOLI","ADDRESS":"SHIV COMPLEX, PLOT NO.14/15, SECTOR-4, GHANSOLI, NAVI MUMBAI 400 701","CITY1":"THANE","CITY2":"NAVI MUMBAI","STATE":"MAHARASHTRA","STD CODE":"22","PHONE":"27548341"},
        {"BANK":"BHARAT COOPERATIVE BANK MUMBAI LIMITED","IFSC":"BCBM0000038","BRANCH":"BHAYANDER (EAST)","ADDRESS":"SHOP NO. 5 & 11, ANIL NIWAS, B. P. ROAD, GODDEV NAKA, BHAYANDER [EAST), DIST THANE  401 101.","CITY1":"THANE","CITY2":"MUMBAI","STATE":"MAHARASHTRA","STD CODE":"22","PHONE":"28152265"}
        ,
        {"BANK":"BHARAT COOPERATIVE BANK MUMBAI LIMITED","IFSC":"BCBM0000037","BRANCH":"GOREGAON WEST","ADDRESS":"SHREE CHINTAMANI CHS LTD., M. G. ROAD, NEAR WAMAN HARI PETHE JEWELLERS, GOREGAON (WEST) MUMBAI -62","CITY1":"GREATER BOMBAY","CITY2":"MUMBAI","STATE":"MAHARASHTRA","STD CODE":"22","PHONE":"65669501"},
        {"BANK":"BHARAT COOPERATIVE BANK MUMBAI LIMITED","IFSC":"BCBM0000036","BRANCH":"SURATKAL","ADDRESS":"VEENU COMPLEX, NATIONAL HIGHWAY, NEXT TO NATRAJ THEATRE, SURATKAL, MANGALORE - 574158","CITY1":"MANGALORE","CITY2":"SURATKAL","STATE":"KARNATAKA","STD CODE":"22","PHONE":"2477076"},
        {"BANK":"BHARAT COOPERATIVE BANK MUMBAI LIMITED","IFSC":"BCBM0000035","BRANCH":"JAYANAGAR","ADDRESS":"SHIVA SADAN, 9TH MAIN ROAD, 5TH BLOCK, JAYANAGAR, BANGALORE - 560 041.","CITY1":"BANGALORE","CITY2":"BANGALORE","STATE":"KARNATAKA","STD CODE":"22","PHONE":"22446030"},
        {"BANK":"BHARAT COOPERATIVE BANK MUMBAI LIMITED","IFSC":"BCBM0000034","BRANCH":"PANVEL BRANCH","ADDRESS":"SHOP NO. 1, 2 & 3 GR. FLOOR, SHREE SAHAY GALAXY, PLOT NO. 205/74, PANVEL - 410 206","CITY1":"RAIGAD","CITY2":"MUMBAI","STATE":"MAHARASHTRA","STD CODE":"22","PHONE":"27492101"},
        {"BANK":"BHARAT COOPERATIVE BANK MUMBAI LIMITED","IFSC":"BCBM0000033","BRANCH":"UDIPI","ADDRESS":"GROUND FLOOR, VASUKI, NEAR TALUK OFFICE, (BEHIND DISTRICT COURT, NEXT TO VISHWAS COMMERCIALS), UDIPI - 576 101.","CITY1":"UDUPI","CITY2":"UDIPI","STATE":"KARNATAKA","STD CODE":"820","PHONE":"2525620"},
        {"BANK":"BHARAT COOPERATIVE BANK MUMBAI LIMITED","IFSC":"BCBM0000032","BRANCH":"DHANKAWADI, PUNE","ADDRESS":"Shop No.1, Hamy Capital, Plot No. 53 and 54, Chaitanya Nagar, Pune - Satara Road, Dhankawadi, Pune - 411 043","CITY1":"PUNE","CITY2":"PUNE","STATE":"MAHARASHTRA","STD CODE":"20","PHONE":"24362698"},
        {"BANK":"BHARAT COOPERATIVE BANK MUMBAI LIMITED","IFSC":"BCBM0000031","BRANCH":"DADAR BRANCH","ADDRESS":"SHOP NO. 4 & 5, SWAPNA BHOOMI, GR.FLOOR, S.K.BHOLE ROAD, DADAR (WEST) MUMBAI-400028.","CITY1":"GREATER BOMBAY","CITY2":"MUMBAI","STATE":"MAHARASHTRA","STD CODE":"0","PHONE":""},
        {"BANK":"BHARAT COOPERATIVE BANK MUMBAI LIMITED","IFSC":"BCBM0000030","BRANCH":"LAMINGTON ROAD","ADDRESS":"GR. FLR, APSARA CINEMA PVT LTD, DADASAHEB BHADKAMKAR MARG, GRANT ROAD (EAST), MUMBAI-400007.","CITY1":"GREATER BOMBAY","CITY2":"MUMBAI","STATE":"MAHARASHTRA","STD CODE":"0","PHONE":"23090235"},
        {"BANK":"BHARAT COOPERATIVE BANK MUMBAI LIMITED","IFSC":"BCBM0000029","BRANCH":"SANTACRUZ BRANCH","ADDRESS":"RIZVI PARK, S.V. ROAD, SANTCRUZ(WEST), MUMBAI-400054.","CITY1":"GREATER BOMBAY","CITY2":"MUMBAI","STATE":"MAHARASHTRA","STD CODE":"0","PHONE":"26141980"},
        {"BANK":"BHARAT COOPERATIVE BANK MUMBAI LIMITED","IFSC":"BCBM0000028","BRANCH":"MALAD BRANCH","ADDRESS":"MONALISA APARTMENT , KASTURBA ROAD, MALAD (WEST), MUMBAI-400064.","CITY1":"GREATER BOMBAY","CITY2":"MUMBAI","STATE":"MAHARASHTRA","STD CODE":"0","PHONE":"28803811"},
        {"BANK":"BHARAT COOPERATIVE BANK MUMBAI LIMITED","IFSC":"BCBM0000027","BRANCH":"BHIWANDI BRANCH","ADDRESS":"R.K.BUSINESS CENTRE, 1ST FLR, NEAR STATE BANK OF INDIA, AGRA ROAD, BHIWANDI-421302, DIST- THANE.","CITY1":"THANE","CITY2":"THANE","STATE":"MAHARASHTRA","STD CODE":"2522","PHONE":"220444"},
        {"BANK":"BHARAT COOPERATIVE BANK MUMBAI LIMITED","IFSC":"BCBM0000026","BRANCH":"HAMPANKATTA BRANCH","ADDRESS":"CLASSIQUE ARCADE, K.S.RAO ROAD, HAMPANKATTA , MANAGALORE 575001.","CITY1":"DAKSHINA KANNADA","CITY2":"MANGALORE","STATE":"KARNATAKA","STD CODE":"824","PHONE":"421076"},
        {"BANK":"BHARAT COOPERATIVE BANK MUMBAI LIMITED","IFSC":"BCBM0000025","BRANCH":"VASAI ROAD BRANCH","ADDRESS":"VARUN, 1ST FLOOR, PLOT NO.8, AMBADI MAIN ROAD, VASAI (WEST), 401202, DIST THANE","CITY1":"THANE","CITY2":"THANE","STATE":"MAHARASHTRA","STD CODE":"2502","PHONE":"330308"},
        {"BANK":"BHARAT COOPERATIVE BANK MUMBAI LIMITED","IFSC":"BCBM0000024","BRANCH":"INDIRA NAGAR BRANCH","ADDRESS":"# 623, 11TH MAIN, HAL, II STAGE, 80 FEET ROAD, INDIRA NAGAR, BANGALORE 560038","CITY1":"BANGALORE URBAN","CITY2":"BANGALORE","STATE":"KARNATAKA","STD CODE":"80","PHONE":""},
        {"BANK":"BHARAT COOPERATIVE BANK MUMBAI LIMITED","IFSC":"BCBM0000023","BRANCH":"MALLESHWARAM BRANCH","ADDRESS":"SRI NANJUNDESHWARA COMPLEX, NO. 16, 1ST FLOOR, 10TH CROSS, SAMPIGE ROAD, MALLESWARAM, BANGALORE 560003","CITY1":"BANGALORE URBAN","CITY2":"BANGALORE","STATE":"KARNATAKA","STD CODE":"80","PHONE":"23347755"},
        {"BANK":"BHARAT COOPERATIVE BANK MUMBAI LIMITED","IFSC":"BCBM0000022","BRANCH":"K.H. ROAD BRANCH","ADDRESS":"MONEY TERRACE, K.H ROAD (DOUBLE ROAD), BANGALORE 560027.","CITY1":"BANGALORE URBAN","CITY2":"BANGALORE","STATE":"KARNATAKA","STD CODE":"80","PHONE":"2291942"},
        {"BANK":"BHARAT COOPERATIVE BANK MUMBAI LIMITED","IFSC":"BCBM0000021","BRANCH":"DOMBIVLI BRANCH","ADDRESS":"GR. FLOOR, NEELKANTH CHS LTD., FATEH ALI ROAD, BEHIND KDMC OFFICE, DOMBIVILI (EAST) 421201.","CITY1":"THANE","CITY2":"DOMBIVLI","STATE":"MAHARASHTRA","STD CODE":"95251","PHONE":"2861403"},
        {"BANK":"BHARAT COOPERATIVE BANK MUMBAI LIMITED","IFSC":"BCBM0000020","BRANCH":"VASHI BRANCH","ADDRESS":"2,'F' TYPE BUILDING,SECTOR 6, VASHI, NAVI MUMBAI-400703.","CITY1":"GREATER BOMBAY","CITY2":"MUMBAI","STATE":"MAHARASHTRA","STD CODE":"22","PHONE":"27824385"},
        {"BANK":"BHARAT COOPERATIVE BANK MUMBAI LIMITED","IFSC":"BCBM0000019","BRANCH":"BHANDUP VILLAGE ROAD BRANCH","ADDRESS":"SAI ASHISH, SANGEETKAR SUDHIR PHADKE MARGVILLAGE ROAD, BHANDUP (WEST) MUMBAI-400078.","CITY1":"GREATER BOMBAY","CITY2":"MUMBAI","STATE":"MAHARASHTRA","STD CODE":"22","PHONE":"25661386"},
        {"BANK":"BHARAT COOPERATIVE BANK MUMBAI LIMITED","IFSC":"BCBM0000018","BRANCH":"MIRAROAD BRANCH","ADDRESS":"218, (A), A-WING, SHANTI COMMERCIAL COMPLEX, MIRA ROAD, (EAST), DIST THANE 401107.","CITY1":"THANE","CITY2":"THANE","STATE":"MAHARASHTRA","STD CODE":"22","PHONE":"28106193"},
        {"BANK":"BHARAT COOPERATIVE BANK MUMBAI LIMITED","IFSC":"BCBM0000017","BRANCH":"THANE BRANCH","ADDRESS":"PANAMA PLANET 1ST FLOOR, OPP AMRUTA HOTEL GOKHALE ROAD, NAUPADA,THANE (WEST) 401602","CITY1":"THANE","CITY2":"THANE","STATE":"MAHARASHTRA","STD CODE":"22","PHONE":"25376552"},
        {"BANK":"BHARAT COOPERATIVE BANK MUMBAI LIMITED","IFSC":"BCBM0000016","BRANCH":"KANDIVLI(WEST) BRANCH","ADDRESS":"FIRST FLR. NAND DHAM, M. G. CROSS ROAD NO. 1, KANDIVILI WEST,MUMBAI 400067","CITY1":"GREATER BOMBAY","CITY2":"MUMBAI","STATE":"MAHARASHTRA","STD CODE":"22","PHONE":"28637020"},
        {"BANK":"BHARAT COOPERATIVE BANK MUMBAI LIMITED","IFSC":"BCBM0000015","BRANCH":"GOVANDI BRANCH","ADDRESS":"UNIT NO. 3 & 5, GROUND FLOOR, VIKRANT INDUSTRIAL ESTATE, GOVANDI MUMBAI-400088.","CITY1":"GREATER BOMBAY","CITY2":"MUMBAI","STATE":"MAHARASHTRA","STD CODE":"22","PHONE":"25579505"},
        {"BANK":"BHARAT COOPERATIVE BANK MUMBAI LIMITED","IFSC":"BCBM0000014","BRANCH":"BANDRA BRANCH","ADDRESS":"NADABRAMHA MANDIR, GROUND FLOOR,  MADHUSUDAN KALEKAR MARG. KALANAGAR, BANDRA (EAST) MUMBAI-400051","CITY1":"GREATER BOMBAY","CITY2":"MUMBAI","STATE":"MAHARASHTRA","STD CODE":"22","PHONE":"26590742"},
        {"BANK":"BHARAT COOPERATIVE BANK MUMBAI LIMITED","IFSC":"BCBM0000013","BRANCH":"VILE PARLE BRANCH","ADDRESS":"FIRST FLOOR, SUNCITY THEATRES, OPP. SHAAN TALKIES, MAHATMA GANDHI ROAD, VILE PARLE (EAST), MUMBAI-400057.","CITY1":"GREATER BOMBAY","CITY2":"MUMBAI","STATE":"MAHARASHTRA","STD CODE":"22","PHONE":"26169814"},
        {"BANK":"BHARAT COOPERATIVE BANK MUMBAI LIMITED","IFSC":"BCBM0000012","BRANCH":"KALINA BRANCH","ADDRESS":"GEESE CO-OP.HOUSING SOCIETY LTD. OPP. VIDYANAGRI UNIVERSITY COMPLEX, KALINA, SANTACRUZ (EAST), MUMBAI-400098","CITY1":"GREATER BOMBAY","CITY2":"MUMBAI","STATE":"MAHARASHTRA","STD CODE":"22","PHONE":"26652258"},
        {"BANK":"BHARAT COOPERATIVE BANK MUMBAI LIMITED","IFSC":"BCBM0000011","BRANCH":"DAHISAR BRANCH","ADDRESS":"SARITA II, 1ST FLOOR, PRABHAT INDL. & RES. COMPLEX, OPP TOLL PLAZA, DAHISAR (EAST), MUMBAI-400068.","CITY1":"GREATER BOMBAY","CITY2":"MUMBAI","STATE":"MAHARASHTRA","STD CODE":"22","PHONE":"28963793"},
        {"BANK":"BHARAT COOPERATIVE BANK MUMBAI LIMITED","IFSC":"BCBM0000010","BRANCH":"GHATKOPAR BRANCH","ADDRESS":"103 TO 106, JYOTI CHAMBERS, 1ST FLOOR, JUNCTION OF J.V. RD. & HIRACHAND DESAI RD., GHATKOPAR (WEST) MUMBAI-400086.","CITY1":"GREATER BOMBAY","CITY2":"MUMBAI","STATE":"MAHARASHTRA","STD CODE":"22","PHONE":"25155347"},
        {"BANK":"BHARAT COOPERATIVE BANK MUMBAI LIMITED","IFSC":"BCBM0000009","BRANCH":"ANDHERI(EAST) BRANCH","ADDRESS":"6 & 106, TOWN CENTRE, NEAR MITTAL INDUSTRIAL ESTATE, ANDHERI-KURLA RD., ANDHERI(EAST), MUMBAI-400059.","CITY1":"GREATER BOMBAY","CITY2":"MUMBAI","STATE":"MAHARASHTRA","STD CODE":"22","PHONE":"61890700"},
        {"BANK":"BHARAT COOPERATIVE BANK MUMBAI LIMITED","IFSC":"BCBM0000008","BRANCH":"ANDHERI(WEST) BRANCH","ADDRESS":"G-11 A&B, SHALIMAR MORYA PREMISES CO-OP. SOCIETY LTD., SWASTIK IND. ESTATE, ANDHERI(W), ANDHERI(WEST), MUMBAI 400058.","CITY1":"GREATER BOMBAY","CITY2":"MUMBAI","STATE":"MAHARASHTRA","STD CODE":"22","PHONE":"26742234"},
        {"BANK":"BHARAT COOPERATIVE BANK MUMBAI LIMITED","IFSC":"BCBM0000007","BRANCH":"BORIVALI BRANCH","ADDRESS":"B(6 TO 8),  MANDAPESHWAR INDL. PREMISES  CO-OP. SOCIETY LTD., S.V.P. ROAD, BORIVILI(WEST), MUMBAI-400092.","CITY1":"GREATER BOMBAY","CITY2":"MUMBAI","STATE":"MAHARASHTRA","STD CODE":"22","PHONE":"28926300"},
        {"BANK":"BHARAT COOPERATIVE BANK MUMBAI LIMITED","IFSC":"BCBM0000006","BRANCH":"MULUND BRANCH","ADDRESS":"NEELAM NAGAR, BLDG. NO.7, GAVANPADA, MULUND (EAST) MUMBAI-400081","CITY1":"GREATER BOMBAY","CITY2":"MUMBAI","STATE":"MAHARASHTRA","STD CODE":"22","PHONE":"21635597"},
        {"BANK":"BHARAT COOPERATIVE BANK MUMBAI LIMITED","IFSC":"BCBM0000005","BRANCH":"CHEMBUR BRANCH","ADDRESS":"GANGANGIRI COMPLEX, 18TH ROAD, NEAR AMBEDKAR GARDEN, CHEMBUR, MUMBAI-400071.","CITY1":"GREATER BOMBAY","CITY2":"MUMBAI","STATE":"MAHARASHTRA","STD CODE":"22","PHONE":"61890501"},
        {"BANK":"BHARAT COOPERATIVE BANK MUMBAI LIMITED","IFSC":"BCBM0000004","BRANCH":"GOREGAON BRANCH","ADDRESS":"'SHIVGIRI' PLOT NO.11, GROUND FLOOR, SAMANT ESTATE, GOREGAON (EAST), MUMBAI-400063.","CITY1":"GREATER BOMBAY","CITY2":"MUMBAI","STATE":"MAHARASHTRA","STD CODE":"22","PHONE":"61890301"},
        {"BANK":"BHARAT COOPERATIVE BANK MUMBAI LIMITED","IFSC":"BCBM0000003","BRANCH":"BHANDUP BRANCH","ADDRESS":"GAUTAM UDYOG BHAVAN,GR. FLOOR,  L.B.S.MARG, BHANDUP(WEST),MUMBAI-400078","CITY1":"GREATER BOMBAY","CITY2":"MUMBAI","STATE":"MAHARASHTRA","STD CODE":"22","PHONE":"65134902"},
        {"BANK":"BHARAT COOPERATIVE BANK MUMBAI LIMITED","IFSC":"BCBM0000002","BRANCH":"MAIN BRANCH","ADDRESS":"45/47, MINT CHAMBERS, MINT ROAD, OPP G.P.O, FORT, MUMBAI 400001","CITY1":"GREATER BOMBAY","CITY2":"MUMBAI","STATE":"MAHARASHTRA","STD CODE":"22","PHONE":"61890999"},
        {"BANK":"BHARAT COOPERATIVE BANK MUMBAI LIMITED","IFSC":"BCBM0000001","BRANCH":"RTGS-HO","ADDRESS":"MOHAN TERRACE, 64/72, MODY STREET, FORT,MUMBAI-400001","CITY1":"GREATER BOMBAY","CITY2":"MUMBAI","STATE":"MAHARASHTRA","STD CODE":"22","PHONE":"22616174"}
        ]
}